Cluster,Purchase_Amount_USD,Previous_Purchases,Frequency_Score,Age,Gender_encoded,Customer_ID,Segment_Name
0,66.56756756756756,27.41891891891892,3.3513513513513513,42.972972972972975,0.6351351351351351,74,VIP High Spenders
1,61.1948051948052,21.48051948051948,3.4025974025974026,42.74025974025974,0.5714285714285714,77,Premium Regular
2,57.68551895587321,25.128651336233684,4.713486637663145,43.09011808576756,0.689869484151647,1609,Frequent Bargain Hunters
3,61.191953465826465,25.696558410082403,2.3664566165777994,45.0,0.679108095007271,2063,Occasional Shoppers
4,56.98701298701299,22.649350649350648,3.4025974025974026,41.935064935064936,0.6493506493506493,77,Budget Newcomers
